-- phpMyAdmin SQL Dump
-- version 5.2.0
-- https://www.phpmyadmin.net/
--
-- Host: 127.0.0.1
-- Generation Time: May 05, 2023 at 09:30 AM
-- Server version: 10.4.27-MariaDB
-- PHP Version: 8.0.25

SET SQL_MODE = "NO_AUTO_VALUE_ON_ZERO";
START TRANSACTION;
SET time_zone = "+00:00";


/*!40101 SET @OLD_CHARACTER_SET_CLIENT=@@CHARACTER_SET_CLIENT */;
/*!40101 SET @OLD_CHARACTER_SET_RESULTS=@@CHARACTER_SET_RESULTS */;
/*!40101 SET @OLD_COLLATION_CONNECTION=@@COLLATION_CONNECTION */;
/*!40101 SET NAMES utf8mb4 */;

--
-- Database: `fwc`
--

-- --------------------------------------------------------

--
-- Table structure for table `cra_legend`
--

CREATE TABLE `cra_legend` (
  `legend_id` int(11) NOT NULL,
  `legend_name` varchar(100) NOT NULL,
  `legend_desc` text NOT NULL,
  `legend_mean` text NOT NULL,
  `legend_justify` text NOT NULL,
  `legend_applied_record` text NOT NULL
) ENGINE=InnoDB DEFAULT CHARSET=utf8mb4 COLLATE=utf8mb4_general_ci;

--
-- Dumping data for table `cra_legend`
--

INSERT INTO `cra_legend` (`legend_id`, `legend_name`, `legend_desc`, `legend_mean`, `legend_justify`, `legend_applied_record`) VALUES
(1, 'P', 'Clothing, Aprons, Physical LiLoos Thread, buttons, and Tears in dfadsClothing', '', 'test', 'test'),
(2, 'C', 'Cologne dfadfadfdfand Perf', '', 'test', 'test'),
(3, 'B', 'Soiled Clothing Possible Pet Hairs and/or Human Hair, Dandruff from Hair Falling on Clothing, Pockets can Trap Bacteria and Foreign Objects', '', 'test', 'test'),
(4, 'S', 'dfasdfasdfadfadsfadsfads', '', 'test', 'test');

-- --------------------------------------------------------

--
-- Table structure for table `cra_proccesing_step`
--

CREATE TABLE `cra_proccesing_step` (
  `p_step_id` int(11) NOT NULL,
  `processing_step` varchar(100) NOT NULL
) ENGINE=InnoDB DEFAULT CHARSET=utf8mb4 COLLATE=utf8mb4_general_ci;

--
-- Dumping data for table `cra_proccesing_step`
--

INSERT INTO `cra_proccesing_step` (`p_step_id`, `processing_step`) VALUES
(1, 'dfasdfadsfadsf'),
(2, 'dfadfad'),
(3, 'dfasdfadsfad'),
(4, 'dfadsfadfd'),
(5, 'dfadsfadsf'),
(6, 'dfadfadf'),
(7, 'dfasdfadsfad'),
(8, 'dfadfadf'),
(9, 'fasdfadsfa');

-- --------------------------------------------------------

--
-- Table structure for table `cra_record`
--

CREATE TABLE `cra_record` (
  `record_id` int(11) NOT NULL,
  `table_id` int(100) NOT NULL,
  `fwc_cra_id` int(100) NOT NULL,
  `id_report` int(100) NOT NULL,
  `cra_legend_id` text NOT NULL,
  `cra_prvntv_ctrl_record` tinyint(1) NOT NULL,
  `cra_jstify_record` text NOT NULL,
  `cra_food_safety_hazard_record` text NOT NULL,
  `cra_is_applied_record` tinyint(1) NOT NULL,
  `date_recorded` datetime NOT NULL DEFAULT current_timestamp() ON UPDATE current_timestamp()
) ENGINE=InnoDB DEFAULT CHARSET=utf8mb4 COLLATE=utf8mb4_general_ci;

--
-- Dumping data for table `cra_record`
--

INSERT INTO `cra_record` (`record_id`, `table_id`, `fwc_cra_id`, `id_report`, `cra_legend_id`, `cra_prvntv_ctrl_record`, `cra_jstify_record`, `cra_food_safety_hazard_record`, `cra_is_applied_record`, `date_recorded`) VALUES
(1, 1, 2, 1, '1', 0, 'test', 'test', 1, '2023-05-05 13:26:07'),
(2, 1, 3, 1, '2', 1, 'test', 'test', 0, '2023-05-05 13:26:07'),
(3, 1, 1, 1, '3', 0, 'test', 'test', 0, '2023-05-05 13:26:07'),
(4, 2, 2, 1, '1', 0, 'test', 'test', 0, '2023-05-05 14:03:15'),
(5, 2, 3, 1, '2', 1, 'test', 'test', 0, '2023-05-05 14:03:15'),
(6, 2, 1, 1, '3', 0, 'test', 'test', 1, '2023-05-05 14:03:15'),
(7, 3, 2, 1, '1', 0, 'test', 'test', 0, '2023-05-05 14:04:16'),
(8, 3, 3, 1, '2', 1, 'test', 'test', 1, '2023-05-05 14:04:16'),
(9, 3, 1, 1, '3', 0, 'test', 'test', 0, '2023-05-05 14:04:16'),
(10, 4, 2, 1, '1', 0, 'test', 'test', 1, '2023-05-05 14:08:41'),
(11, 4, 3, 1, '2', 0, 'test', 'test', 0, '2023-05-05 14:08:42'),
(12, 4, 1, 1, '3', 1, 'test', 'test', 1, '2023-05-05 14:08:42'),
(13, 5, 2, 1, '1', 1, 'test', 'test', 0, '2023-05-05 14:09:55'),
(14, 5, 3, 1, '2', 1, 'test', 'test', 1, '2023-05-05 14:09:55'),
(15, 5, 1, 1, '3', 0, 'test', 'test', 1, '2023-05-05 14:09:56');

-- --------------------------------------------------------

--
-- Table structure for table `cra_reviewer_sign`
--

CREATE TABLE `cra_reviewer_sign` (
  `id` int(11) NOT NULL,
  `table_id` int(11) NOT NULL,
  `rev_sign` text NOT NULL,
  `rev_name` varchar(100) NOT NULL,
  `rev_position` varchar(100) NOT NULL,
  `rev_sign_image` text NOT NULL,
  `rev_date` text NOT NULL,
  `appr_sign` text NOT NULL,
  `appr_name` varchar(100) NOT NULL,
  `appr_position` varchar(100) NOT NULL,
  `appr_sign_image` text NOT NULL,
  `appr_date` text NOT NULL
) ENGINE=InnoDB DEFAULT CHARSET=utf8mb4 COLLATE=utf8mb4_general_ci;

--
-- Dumping data for table `cra_reviewer_sign`
--

INSERT INTO `cra_reviewer_sign` (`id`, `table_id`, `rev_sign`, `rev_name`, `rev_position`, `rev_sign_image`, `rev_date`, `appr_sign`, `appr_name`, `appr_position`, `appr_sign_image`, `appr_date`) VALUES
(1, 1, 'data:image/png;base64,iVBORw0KGgoAAAANSUhEUgAAASoAAABLCAYAAADH5cpkAAAAAXNSR0IArs4c6QAADKZJREFUeF7tnW2MXFUdxp//uVPaUnkphW4pS3dmdmZ3Z7eU0m4gLVEkEZqAYsSIGMUXPhhQTExMFOQD4gchqPiOn9SYEBWJNEENKQmhiqW1SaGU7s7uzusuq3TBbdcipd2dOY85022Zbnfb2Z1727vT/0km25d7nvs/v3P3mXPueRNoUgJKQAmEnICEPD4NTwkoASUANSp9CJSAEgg9ATWq0FeRBqgElIAalT4DSkAJhJ6AGlXoq0gDVAJKQI1KnwEloARCT0CNKvRVpAEqASWgRqXPgBJQAqEnoEYV+irSAJWAElCj0mdACSiB0BM4Z41q5cr15y9efGRZSeylnsESSvkgRQ6WPO/g8GWXHcTWraXQ154GqATOEQINbVTt7e0XlErSRoM2S7SLIEFIhwDrG7B+LYE3BRgFsB9EFoIhgGNCs79ssF+sfc+VO4JSTzabfbsBGWiRGpRAwxhVtLNzBcdxuQd+mILbALQBWNmg9VZ3sUiWIVKEYATECOB+cgRi9lE4gjJHrERGDp9nR97u7f1f3TdUASVQB4F5Z1SrEl2dHthF2K73W0hcC4g3A4cxAHtBpGGkH9YOSAT9+b6+gTq4hS5rZ2fnB44ckRWIoIm2vIKUFRA0AdIk5HIKLga4BJDLAFwJYCZe05XNdYP3QriPlAMiOAC6j7xWhvQMZXt6QwdEA2ooAqE2qmiy8zoBrgXsdYSsFaBrJvoClAi8QmCvEfbYstdrvYmBoYGBfEPVmE+FSSQSF45jYbOHcjMFK43gclqzEoLLATYRWCrAUgArAJjT3PYwwJ/Tei9E5MjL2Wz2oE9hqowSqBAInVHFkqmbBPwkIXcDWDBdPQngvsH3EOgVsLdEL63f6sE90c1dXZdExpkE7cVikBRKwgJJAZI4+qlO/wb4JyvmucGB3ueCi0qVzyUCoTCqeLLjoxT5OIhbAfeNfjxZkNthZDfA16zFXiktSheLu113TlNICLj6A+RWgu5n8wn1J8iCGALRD4OdtByyxg5pSzcklTdPwjgrRpVIrGm2MnE1BbfA4lYIWqp4ZSn4Myy3FLN9W+YJRw1zkkA00bFJxNwO8EsztYgnLx0j5MZipne3wlMCpyNwRo0q1tZ1NWG/IMS9ABZVBfcGgD9Ya58bzPW/eLqg9f/nB4HW1q5EGUjAMGrAmAUS4v4Odk0OfoyReLiYTf94fpRIozxbBM6IUUXbUncK8Tmg0rU7lkoAf2mM91Suv2fb2QKg9z07BKKJ1NdF8BDgRiOBQiZ9Rp7Fs1NavWu9BAJ7OGKx1U2yoPRZUpxBXVMV6HZAfm9s5Klcbs9b9RZA889fAtFk51oBX602qpZE5zWeYC1h3TNzAyCdAA4UMunl87ekGnm9BHw3qsn3T18j8M0Tg+PTVsxvdCSo3iprrPyV7qFXvh6UTQJ8qjJxfmoSHCgMpC9prJJraWZDwDejqnr/9HkAy44FQcGPvLJ5Ipfryc4mML22cQm4F+4wskksPgLBVVNKagG4CabnuX8XYHM+k769cWloyWoh4ItRxds6HiDle+/fkG8B8lMbwa8H0+k3awlEr2lcAvH29m5QPkRWunK3TNNq+gcBN0m0XYDWCgnKNkAeK2R7nm1cMlqyWgnUZVSV5Sxi/17VgnoXIg9x/Lxf6VynWqug8a5rSXRsEOAGEbMR4MbqFvZkaUsgfmcEPYSkCH6xioJbf/iDwkD6F41HRks0VwJzNipnUkbsH48vaxF5kOOHHi8Wi4fnGozmm58EWlo7NhrPbCC5UQQbwcqym+OJwL8M8JIFdoD4JwyiQrh5VjefcB358EKPP+zv739nfpLQqIMiMCejqjYpAj2W5g5dwhJUFYVL13XjrPW6RdgNopXkB0WmLgiXt0C6+XAvGXJHLte3y40CI2LvAngXgDVVpdJR4HBVcSijmbVRqUmFsh4DCerKxOrWiGfXw7JbRLpJrgNw0ck3Y5mQZwV8EYZ/K/T37zl2TWtrarX1cC+Ir5yYT0eBA6m0BhWdtVHF2lJuU7al2pJqrCdi1VVXLfUOl7qFXE/BOkLWHX+xfVJRmSdkiwh2QOzuamM6dunkJN+Tu3c6CtxYD84ZKs2sjCqa6PiOiLjZxGNlmuu1u3eGaimA27QkUuuMwToSzpBcS8l9pt2tAsBOCrYZcls5Ii/PNJKr3bsAKkolKwRqNqqWttQnDPEMgVyZ3qY3sntzyjC8BNx+U2WzMEbYmLGMEyYGYUyAGIGOU+wxtQfEbgFeteDuZRct2bZr166JU5W0uXnD4gWLxx4E4D5VSbt34X1C5ldkNRmVe1fhSXmL6wpYwe2DA+nN86uYDRmt19raFbPGxgjGjYgzoBjofjIuVZNuZyi9m1S5Azy6hY5Yuzuf73fLWcq10rqio2PZAisPCnkPIIuP5dNJvrUS1OtqJVCTUcWSKXcQwKUgHy9k+75Rq7heVx+BVW1t8Qi8uCXjEBMTsBmE2+8pDmBVDepumL8gRJ6CDMGsEcmXUM7Xsx+UWyZVlol7ALjP5CqEkyf5nrhuT9Yenb4w3ZbRLAOylZSdEPu6Z+X1XC69t4by6SXnCIFajYqOBymPFLO93z5H2JyRYiYSq1vLKLUKxJ2Q0wrDVjfsD8Atxj3dFsD/BTAIyCDIIQgG6U6eoRSlZIqFwl53aIOvqTISKOW+qtnlxyf5cvGRxVLiJgO5mTOt2/M1mlmLvVPIpC+cda46M7j1jCWPSUO3xQ1WE1w/eRLS1kImfWOd8udE9pqMKppIfUsEjwJ4R8pHrszn8+4XRNNpCLgDF8bH0WKFUQpjpLQK3Psi97PSKjreXZpByq1764UgBys5AXOuVeQhksuehXeE7j2lEN8/PhroJvnacg+MuUEsr4XI9VPK4bqRp20p1d7yqvuRKxUy6ZkGDOoWnyowuTuEm09W2cpmaiKwq5hJd/t+4wYUrMmo3C/ceyW67WSXUuTR4kDvAw3IYk5FiqVSLZxgVIy00DIKkZbK+yLStYpO1z1zLdVBAG7ZyDAhw8YiY2HziKBY7OsrzimoADLFEh0/g8h9TtodoiHABMhuTOnKuWkrBvgrRJ7PD/S+EEAos5aMJzrup8gjAJ8uZPrumLXAHDJU77c1efDILgheF+u+eJhBGQP5fGOdhDQHTDVnqcmonFq8rfMBkpWFxwL8hMAzhUzarfNryBSNRhcZc/5yRKQJLDeR0gQjTc6AhNIOYXvlvd2p0/ikEQ0RFaN33bMiiGLYjOhUxYglO96Yshd69eUlgTxJ4oUSzPYwjgbHkqm/VDZtFNwX5BrCeDx+kY0sul/I+ycB6Q6mPrlDzUblDviUEl+dso6rAMpmwG4pZPue9ymmwGSa1qxZsvAwm8RONIlxBuQ+1v15eeXPYBOIpqPn4U03A3v60NxaNgEy7nRi16IQwSv0OBSmFlE9UGPJlDt92e0H5XbCKIKyC+BOePa16SZ71nOvIPLGkik3wulB8AQm8FihkHatWN9Sc1vbFREb+aoIXYvzgknh/xByk+4J7w/mmo3q2O0qJ8bAfBngx/wJIcQq7pBNwM0XywHMAZInmBOP+xeQo4cOHdo/PDxcOSZdU3gJxJIpV4/vvycSPCnk5nym7xk/oo4lU+8COH9S6xCB32KBfLfY27vPD33VmMWEz6mwjp5YbDdAeCMgn552Z8bwEXYvdwtHWwZ0D9E+QEYIGRVi1HgyaolRz3qjhw8vGR0e3q4mFL46nFNE0WTHZwTmToC3zUlg9pnOygjj7MOcHzlm3aKaH8XSKJXA9AQqWx9L+W4RcfMBK7uIBpTGCpm0O2lakw8E1Kh8gKgSSkAJBEtAjSpYvqquBJSADwTUqHyAqBJKQAkES0CNKli+qq4ElIAPBNSofICoEkpACQRLQI0qWL6qrgSUgA8E1Kh8gKgSSkAJBEtAjSpYvqquBJSADwTUqHyAqBJKQAkES0CNKli+qq4ElIAPBNSofICoEkpACQRLQI0qWL6qrgSUgA8E1Kh8gKgSSkAJBEtAjSpYvqquBJSADwTUqHyAqBJKQAkES0CNKli+qq4ElIAPBNSofICoEkpACQRLQI0qWL6qrgSUgA8E1Kh8gKgSSkAJBEtAjSpYvqquBJSADwTUqHyAqBJKQAkES0CNKli+qq4ElIAPBNSofICoEkpACQRLQI0qWL6qrgSUgA8E1Kh8gKgSSkAJBEtAjSpYvqquBJSADwTUqHyAqBJKQAkES0CNKli+qq4ElIAPBNSofICoEkpACQRLQI0qWL6qrgSUgA8E1Kh8gKgSSkAJBEtAjSpYvqquBJSADwTUqHyAqBJKQAkES+D/8mVciNvxwzQAAAAASUVORK5CYII=', 'james manugas', 'it', '', '2023-05-05T13:25', 'data:image/png;base64,iVBORw0KGgoAAAANSUhEUgAAASoAAABLCAYAAADH5cpkAAAAAXNSR0IArs4c6QAAEKZJREFUeF7tnXlsnMd5xp9ndnnosiTaskyJEpfk8pStOBVyIQlsx6kPFLYTH4WbICkaoAnQA0iLJnDRP+KiQILGBewWyB9OgcZumqRJ4DhGJLsuEgd23AZ268CVTa5ErrjURZumbsmmSO43TzHLJbOiTh673F2+Ayy+3eV877zzm9mH39yEBSNgBIxAmRNgmftn7hkBI2AEYEJllcAIGIGyJ2BCVfZFZA4aASNgQmV1wAgYgbInYEJV9kVkDhoBI2BCZXXACBiBsidgQlX2RWQOGgEjYEJldcAIGIGyJ2BCVfZFZA4aASNgQmV1wAgYgbInYEJV9kVkDhoBI2BCZXXACBiBsidgQlX2RWQOGoELE2hp7/5l+EtmIHVLtTMyoar2Erb8VS2BlvZu5YWq6n/HVZ/Bqq2llrFlT8CEatlXAQMwm0AymbxqAnVNDtEWgk2CttCxCWIToLUAVha8VgG4CijL3TnOCBgBMQJhBOG9NOLgBuCwH1kcGBzsO1AJNcCEqhJKyXxcFAKdnZ1rxiPucHCbRW0isFngZkDXTCWg9QDftyiJVYgRAYcjxW46mH5zXzm7bEJVzqVjvs2bQFvbtmQ2pnYnbBP0OxR2gOi4QoMewGEAR8KLwFGJRwR/hA5HBR6hcNSLR+JyR8bG6o4OD7/23hXaLnq0np6e1WfPqlExNIpohEejIxolNCJ8Bq4Dcterc/IM7BPxlf39qaeL7tw8EzChmic4u628CDR3dzcyq9sdeBuIByTEL+2hDgEMTxFDkjJ0zMjrAGN6K7N3797yyl3xvEkkux4m+bWcYEl/O5Te83DxUpu/5Wmh8oj17B94MzV/S+V/p3Wml38ZzcnD0JfkWXufh+6ndDvIWIEBLyBFcJDQPuWuPuPkMu+tXZEZfq18noDmlOkiRG7u6P40hUcItAXzmYFU2f1WpoWK0H2DA3t+UgQMZWOy7OCXDZkKc6S1o+djkO4XeB+gpgL3DwrY6YBdgwOpXRWWrSV1d0vy+rY4o3QZC9UeAJ0g/ybT3/f1JYVV5MRNqIoMuJjmk8nkBo+aB+B4v6TCSX+jBHdJ0S5lx3cODQ2dLaYfZntpCLS0dz0D8G4Q/5bpT33uYl60dHQfg7AK0DMgXwTc/2T6e19dGq/nl6oJ1fy4LdldmzbtWFm3cuxeUZ8mcG+BI6cJ7JK4K5qI7Tpw4I3jS+akJVwSAq3t3Y8K+DKANz35VSckAVwvaAeBHZdx4nRmIBWmkFREMKGqiGICWpLb7hb9PQTuBpCfOoAshF1w2Olj2LU/lXqrQrJjbi4CgVAnQP/MPE2NZgZS187z3pLfZkJVcuRXlmBb2/ZrfWzyDgl3EHgA+O2InYDXCD3pnXbu37s3c2UWLVY1Emjp6B6C0AxgGOBrkv8N4Xoz6b4ft7R3j4Z/ahL+YiideqyS829CVUall0h23QS420l8EtAHZrk2CegfST4/2J/6eRm5ba6UKYFqmmdlQrWElaylu7sZkW6TeAuFW8DcpMPC8AtJLwF4cSi958UldNWSrkACJlQVWGjl4nJzW+ctzrkwQnczgI+f6xcPAXiW4ItxTr7Y398fZoJbMALzImBCNS9sy/emRLLrZjo+AOGPAdTMIvEypWc93QtDA32vLF9KlvPFJmBCtdhEq9Bec7Ln/YS/h8SnChf1EsiK+IGAZ2sR/by/vz+snbNgBBaVwNbktp4YfW8wWo6z6ueaWeujmiuxS8RvaeluRo3ughimEPxuQdQRQj8FsHNwYM/ORUzSTBmB8wgEkXL0PyKwDUBFzZe6WHGaUC2wore2tq6Vq7sb1F0A7wJQ/1uT+p7InWP1NT8b2b373QUmZbcbgcsSKBQpAb1e7vcPpHv7LntjmUcwoZpnAbUku4IwheULQZw2Fpj5Twg/QhTbmcm8GTZms2AESkKgqaNjc1yxvQRWVZNIBXgmVHOoQq0dPbcKuvcCneK7AX43YuwnB/rfGJyDSYtqBBaNQCLZ83VSfx0MRnLbquFJahqOCdVlqkmivedDkL+T5J0APlgQPTcBE07fzezdu3vRapsZMgLzIJDrgojVHQSwRsJDQ+nU3ycSiXqtWLFek259TQzroyjKjThX4v5iJlQXqBStHR0f8N79Hsk7AHyoIMo4hJ8CfCosUZhHfbJbjEBRCCQ6er5B6SEAYwJfctCtKlh2dV6ixPFMf6qhKM4UwagJVR5qMplsyrqajxF4EMI9hawpPCfyuYjZXQf6+61pV4SKaCYXRmB6ztQcrJzIDKTWzyH+kkZd9kLV1ta1wzs8CPDPzh2xw68oPA2vXYODe/qXtJQscSNwGQIt7d1hVLkW0HMgnw97TrkIxyJGXyD5VzMTjYnjBB/xcXxnqK/v7UoBu2yFqrmj504HfQYKIjWzM0FW0iN0sR9m+nv/r1IK0fw0AoUEEu1df0C4BwGF+XwzIfRdrazlt/r6+s5UGrHlJlRMdHR9nuJnCydkhm1TnPA9RbHv25SCSqvC5m9ra3e7j/FWArcC+lThlkBh909KT1f6nurLQqhaWq7fiHj0eQifA3HDdNXO9T2B37GOcfuxVxqBXItA/k6Bn8jPQC/MwiSpr2mS389kUvsrLW8X8reqhSoM2fp4/UP50ZDC/D/ppcf3p/f8uhoK0fKwPAiE489clvcD+uas/tRwrNcLJH8J4KXMQCpsDVRVoSqFKjdD18f/lFToIF9TUGKPxFTzT+n07rCdigUjUBEEcuczTupLJMPuG5vyTk9C+AHAnYjcS9XeZVF1QpU/4uh/AazLFWiFjnJUxC/InCwqgbxAfZHkFwsEaljSP6uGjy+nPfKrSqhmHxpZyaMcRf0FmPGyJnAJgfq2avjt5SRQM/3JZV1ic3CuUo7hnkOWLGoFEgj7kMWgDwv4MIgbw/FVANwlsjI+Nf+p5OtuIwAHAY0KHHXgOwrvhWE57HdwhycxefhQmewyWxVPVIn27iMErg577wB6HNn4P1R7m70Cf8MV63JTU9OKlStXNkySVytigyMaRDZIaHDA1eEqooHI7aQxewfXis33tOPl0DKpCqFqae86CLDwGPOqHwWp+Nq/gAzMFo5zTClWj5hfB3Ed5EM/ZW5/MJIO4ipSK0WskpB7D3Fq/zCphuQKAStw7isMxszrdyIgzBY/SeIMBAGqAbgKQDhPb7bNibzITX1PfKsG0cPF2gF24/btq+rHx6+lj13r4DdA7lo4NMurE0RH7qh4YOUM2yXu651XASygjhXt1tb27seUm/CWe9Q+PxBvQxgSEA7pHIE0Arq3RY3Q6zjoxrK1HDjU23usaE6aYezYsaPm2LHxBh9HQ9ypQT6IidZCXBuuHu4qAmtIrFZuxFZBKK4CuA7UOij3I79UU6oYlD2AEwDOCAgnUoeZ3SfBfD2Cm6pPCHWKnwTwpSmfLxUUCXyGxAsS/2tooO/1ELs12fMFUV/NC8Veit8cTPf9SzEydTmbFxk9X5KDS6tGqKahJ7q6Ei7CRyS3A1Q41jqc9BK7XKEU/H2m7U7wkMRBQoNebtBp7NeDg4Mn52CraqOGpxqsXNlQ61yDz6JBjg3OowH5ZhGFBsDnmkckw/frkfvunOki8+WjqWY+xqZfDLsGSGMgJwW8N93nAuCUgAkIEw4Yz70HQ7/QhJwmBI7HgAnvfSj3XIjFYpOTEY6zxh/n2NjxoaGhs3NxNNHecyPhnwLYmr8v+PqqxFdB/0bM8419+1JvXsxmR0fHNVnFviIgCFZ43DuUGdizZS4+LGbc2fMRl+JA06oTqgsVUCj4cdVuoLIbQSQgJBxds6BErhoQtRA2QkqQvJyoDUMYBjUs8DCBcD1E6LBH7FCNzh5Op9OnFrOinGfr5pvjG955p77W+zp6X09fW0+ojvD1kOoRj4VrHaB6hs9woXlTl/sbwgv1cC7/OTSNQtxcE6geyn92zL9HXb75lPs7gx0gNF8WWndCU2cYU0+4xwCdAHkCXidzV+oEvDsJ+BOiO0kXncBEzQnpzMm5CkdRy6KIxts6Oz/qvQvbCTUuhTjMztqUACtMKoXAW6afAouIYMb0QitbKXwsaRrhvwdqa7ci4lYIW72buhLaCmD6VVKfyjSx0BwaBXES4klApwC9K7gzlN6Vwxkq9zouhzDYcVRwRyK4I/Hsu0ftyfTKSnUpxWG2h8nk9qYsJv6VZDiXsqSHRphQXVl9OSdWaF4ii8T00xkdmyA2CWriVCdkfB5m53JLaPqE5stkaMKACLOUJxmaM+AkpElx6vNMHGkSzH2eEFxoBk0ofJdrAuWaRRMSJkiNhX4YCWfc1PW0B07HPM74WpyeBE6vde50X19fsGWhBAQSye4vk3g0PHlGch8v9RbDzcmujzgy9Lv9YUF2j2UGUmGkvSTBhKoImHt6empPkatrx7Q667jaUWsgH0aTLhicc1kwOsusOythnIydJc+GfpHx2trasyYKRSikCjPZ0t4dzn+8upSHNrQkex4g9EciwjbcM0HEo0P9qb8sJUITqlLStrSMwDwJlOoYrLDTCGPRZzzxWQJhMGo6nCDwhAefLGXf1HTiJlTzrDh2mxEoNYFZB4u+G8l9cCHNwK1bb1gfq8veAGo75G4AFLZACmcEFE7/eEXSfyCOJ4b27BkqdZ5NqJaKuKVrBBZAIH9U+6th5HUuzcBksmdb1ul6CtsE5K75iZ0X8ib0X34DdM8NDfS9sgB3F+1We6JaNJRmyAiUhsDFmoFtbddviZhtdXStnminwgxztQPaFg7Juoh3YTAmTCx9TdLLHvwNavR2uS18NqEqTd2yVIzAohBo7uxsiSnW6uE/SvHPAVyTNxxGgcMct4uFSMQrEHaT6oVHv+LoX8rm3FyAmFDNhZbFNQKLTCCRuHEdaiYSDtos4To4boT8+qklRVgLhqtvALghP4/vMsuHdBLg6wReF5VWFEvHgPS+fb3pRXa9pOZMqEqK2xJbLgQ6OzvXTJKNPotNjmgUsQneNYraRKARwiZQbZdokl0K1Uu5FRHiMOFPg9wu4Lb8ioEwb3w0M7AnrIlEa0f3n8jrbhDvz4vdyUo6z28aggnVcvnlWD7nTSC3IaPX+0jeBISlVrgut3ZxMYIUgTxvX6gw6z/sD+XIdwA36l00OlZbOzqye3fYkeG8kD/S/fn8qF2YjDsC4ELrA9/LDKTCEqiKCiZUFVVc5mypCbS0d40AzD2dzCVIigjuA8NaUByjcIzEMVHvUBj2wltxZHvT6fToldjd0NOzun7CbXRhvWqMG2NenXLcBqFJQDuBzRe3o0Mg/1tiGMV74krSK7c4JlTlViLmT1kRaOnoPgbNPD2NE/iFhH+n1yuLdYJ2Mpm8agJ1TQ7RFiK3FGvLIizLepnCU4Pp1GNlBXSezphQzROc3bY8CFziRKNSAwiLwA8DOEIh7KOWBtyAJ9LxSAe946/CLhik/q6azvObhmxCVerqZulVJIFLnBG5CPlRBE01E0Ecoldv5LgXkUY84yNna/3IaAUew74IYGZMmFAtJk2ztSwIhG18V0xMbHA+tiHyUTwunpZ4KpuNnT5woOsU8OOZTfiWBZASZNKEqgSQLQkjYAQWRsCEamH87G4jYARKQMCEqgSQLQkjYAQWRsCEamH87G4jYARKQMCEqgSQLQkjYAQWRsCEamH87G4jYARKQMCEqgSQLQkjYAQWRuD/AR8ojKY/Imv5AAAAAElFTkSuQmCC', 'erwin manugas', 'it', '', '2023-05-12T13:25'),
(2, 2, 'data:image/png;base64,iVBORw0KGgoAAAANSUhEUgAAASoAAABLCAYAAADH5cpkAAAAAXNSR0IArs4c6QAADDhJREFUeF7tnVtsHNUZx//f2fWNVKByT+LE6/V6s14DDw2FhkBDoRLQolZqC5VQLwFKH+Ch5aGiFyp46EVCojdVQmpVtVJbVUJCFTzQSkQ0hBIKCDUhjtfeXXs3wXawqZ2EQOLLzvmqszZh4yy248wss5v/SKvZy5n/+b7fjP8+M3PmHAEXEiABEgg5AQl5fAyPBEiABECj4kFAAiQQegI0qtDvIgZIAiRAo+IxQAIkEHoCNKrQ7yIGSAIkQKPiMUACJBB6AjSq0O8iBkgCJECj4jFAAiQQegKhMar1qdRF0ZLZKLAXVKNmopicU51s8bzJfD4/E3qyDJAESMA3AjU3qkQicb41Tdeo4lpArgU0AWAjgDVnkNW7EEyKYlKBSUAnIGZcrU4YkQn32SomYbwjmI0eAY4fKRaL02egz6IkQAIhIlBTo4p3p+5SyF9DlL8LRQHMLrzmIJiFYlaBOSl/r7NQmVODWVH3WVxrbgawbpsZXfhs3Hfivne/26NQc9gqpkT0sLGYmo3aKX3vvcMjIyMnQpY/wyGB0BOoiVHFN226Wq15FMDnQ08k6ABVPYg5AOi4KMZ1vgU4DsE4rBmHce+9CZ1pGy8W9xwJOhzqk0A9EAjUqC676qo1a6ZLD6vq9ytgvGos7h0ayvTVFNCNN0Yvm5pqic7OthrVFlFtFW1ugdpWgbYA2gqgBTCtEkEL1H3WFihaAVPxu/veLPzuyqMVxpWX+fLuc1nHraViu/L35wFn9NiSa72NQzEBkUMADqnaQxCMGWBMLA6VmmXsQCbjfuNCAg1LIDCjinWnrxW1j0Nk6/v0VPX5iEa3Dw31vdmwRJdJzF2jm0VLu4G3QSDtCm0XIxugC++BDQDOXwWfMQUOCWTsfUMzMDkryEfsTGFoaGhiFZrchARCQSAQo+pM9NwLweMAPriDp3g6grlv5PP5d0KReYiDCMjMpgDkAM0DMiwqRU+9AqIoHhgcLIQYB0MjgTM6DVkJLhPr7nlcgO+eUljwl0I28/WVCLDMygj4bGYegBeh8rqIfR0RvD48MJBdWSQsRQLBE/CtRdXV1XOFNfglgM9Whq3AE8Vc5v7gU2ENiwmclZkJDgN4DtAdno28dDC/v5+ESeCjIuCLUXVs6r3JWP09oPHKRAR4bDiXeeijSo71roxARyK1JWKwRdVcB+gWAOuqbJmDYBcsXvZgXqZxrYwtS/lD4KyNqjORvhOifwDwsUUh/biQy/zEnzCpUksC8WT6elXdIsAWFWyB4vIq9b8hwG5V7C4hsvvNfN9QLWNkXecWgbMyqlh3artA/rgYmSoeLOYzvzq3UDZuth1dqetE5AYxZdO6DsAlp2crrwl0t6rstk36IrtMNO7x8FFktmqj6kz0PADBbxcFrVDcV8hnXAuLS4MScF1PAN0mwA0A3KniRYtSnVPVF8sX6IGdxfzAzgZFwbRqRGBVRtXZ3fM9AI8tivEoVL5dyPc/WaPYWU1ICMSTyU+qRrc584JgKxQfXxRaCYLfKbBLI9jF1lZIdlwdhXHGRhVLpB4VkUdOzVFH1EbuKw7t/2cd5c5QAyLQkej5RATYpgbboLgdQKSiKveM5C4AL7h1IZdx77mQwJIEzsioqpmUAP2e6rcO5AdeJmsSqEYg1tV7qzH2FlV8DoLkqWVkGMAOKHZ4s5EdBw/uc90iuJDAKQRWbFTVW1J4xVNzD29V86haKYF4Mn2zqr0VkC8D6Fy0nXsM6NfFXGbxZYWVyrNcgxJYkVHFEqlHRMSNflC5PNck3t3ZbHa0QdkwrYAJxBKpbQLzBRX9qgDrT1YneKuQzawNuHrK1xGBZY2qektKnmprwvb+/v536yjXug41kbiqfQ6zG9TY8YPZrDtdaqhlvu8W7gT0AQBGoXcVcwN/a6gkmcyqCSxpVPFE+h6d78xZ8c9O/jSc67971TVywyUJbEz0piPQXhG9WqEpQDYBcK/K5Vghl1nNCAuhpx9Ppn6gKj8D5JlCrv+LoQ+YAdaEwIcaVWcifQdEF3U10N8UcgPfqUlk50AlsUTqRhFcCZUr4dbANa41sZLUG7XF0dnZ0+FGdHAMjDXdQ0P78yvhwTKNTaCqUVU3Kfy0kMs83Ng4gsmuq+uKDZ5rJUW8XlX0CqQXgHtVHydecACKA1hYK2TEwI5amBGBfgXAjxq5xdGZ7PkzFF9T1Z8X8wM/DGavULWeCJxmVB3J9G1G9dnKJBR4iHdilt+tbrSCOUR7jcEVopJWIA1IGtD2KluXAPRB0CeQfg86IIhmitl9A0vVdC60OOLdqS8p5CnHoZDLLHsddfk9wxL1TuCUg6Crqzdhjf0HADczTHkRxf3D+cwT9Z6o3/HPX0sqpRWSlrIZOVPSNEQqOzdWVtsn0JdU5TUL/FdKJ/pXOzPOudDi6OzucZNu0Kj8PnDrVO8Uo4onep5VwW0LuXii8s3hfH/YZo2pCer29vY203pBZ1S8uIWJi+gmKFwraYPM9//5sGtJbpzzvYDsEdW9ErF7WyKRvX7eIa1ocVgAb4iiCEHRutNFgyJUiphrLp7N5BBuvPu22dlLjI1cohZr3XjwIrZJYS4SwcVq1T3fdzGk/Jzf/HvoekCWusZWAvTvEHkBMK8VsvtfrcnOZCV1T+CkUcUTPQ+q4BfzzSgchrXbC/nBZ+o+wyUSSCaT6z2RmHqRmIrGBRJXaJcAca3s11NdwyqwR6AZQAagdkCN9hWz2SVP3fziGevu+Z+c/jCwX/I10lFPIU+L4HlVeamY699To4pZTZ0ROGlUnd2p44C0AZhTYJ8o+hQyKkZHLdysJ2Z0DnOjI3XUwbM82Wk02qElxGDQAYuYiDMjiQPaVWUMrcW7z01XlQX0LRH8B4p9YZr5Jd6dut2K3CQqG8tjRole/EHr5qyPRNdamwLkHcAeA+SYAm/Pz4rjpvQy5TkLRfWwZzFlJTo+3WzH316ib53rKwVrr1eR6wHcAiC6KMpDCvkXgFfcq5jrd2suJPDBmOmd3T3vLUzntCwWAUYVGC2vFWPOzMqmBhm1KI22iIwODg4eW1bIhwKxVCqGEjpgEINFBwQxI4ipijs9iy1fhXqAZEUxCEFWFVkYyRovOjg09EZdz9yyefPmpqNHj7Z5XmubtpTa1Iu2Qb22aMS0qapAvGkpmWnATIvMTBtjpqPR6PSll146vXPnTnexP9ClM5l2w8TcAMWnAXXv3XRiyy3veGq28LGt5TA11u8nW1Tli8NitwO4Y2V/4PUFwhkrVAchkoViUI0MNlmTzXNkylDsyHXrNp/Xsub4VlXdKmI+BejNVVpc5VgV2G/V3EmzCsWuq0kQVW/9ljsiwrQLbLudn1ATRqRNFReq4EIBLjwtOndRVctjbS8eRC34RNw1NTdJJ9xLJhQ6AdUJCAZVZfB4s2SXOiUJPkDW4AcB98/UiH1SgF6alR9E60cjwD4qd0TWrRtuaW72miMR2wzYFhE0zwmapfxemt2dJLX2w27nn6SowIyIOQEpTctc5IQxTSei0ZkTa9euPVGLU5T62Z2NH2mlWS1kOwbFGETH5i8/wK1dx9hRi8hIk06Pci7J+j8uAjSq+ofDDMJJoHyZwth/VxlJNKiAdxZymc8EJU7d5QnQqJZnxBIhJbAxmYxHEYnDIqluqjZxs+XI5QpcLnB9v6pcolhdLjSq1XHzbSsalW8oKUQCJBAUARpVUGSpSwIk4BsBGpVvKClEAiQQFAEaVVBkqUsCJOAbARqVbygpRAIkEBQBGlVQZKlLAiTgGwEalW8oKUQCJBAUARpVUGSpSwIk4BsBGpVvKClEAiQQFAEaVVBkqUsCJOAbARqVbygpRAIkEBQBGlVQZKlLAiTgGwEalW8oKUQCJBAUARpVUGSpSwIk4BsBGpVvKClEAiQQFAEaVVBkqUsCJOAbARqVbygpRAIkEBQBGlVQZKlLAiTgGwEalW8oKUQCJBAUARpVUGSpSwIk4BsBGpVvKClEAiQQFAEaVVBkqUsCJOAbARqVbygpRAIkEBQBGlVQZKlLAiTgGwEalW8oKUQCJBAUARpVUGSpSwIk4BsBGpVvKClEAiQQFAEaVVBkqUsCJOAbARqVbygpRAIkEBQBGlVQZKlLAiTgGwEalW8oKUQCJBAUARpVUGSpSwIk4BsBGpVvKClEAiQQFIH/A1K0KIgvwfOYAAAAAElFTkSuQmCC', 'tests', 'dfadsf', '', '2023-05-24T14:03', 'data:image/png;base64,iVBORw0KGgoAAAANSUhEUgAAASoAAABLCAYAAADH5cpkAAAAAXNSR0IArs4c6QAAC+hJREFUeF7tnW1sW1cZx///c500uOmWiDEG64ud2I7tbO22MtpKkyZAAzbxMpAGiDFNAoQYA2kCCcYHJPgEEh+QEINvTEK8rJtgMIS2TpOmjY6t6wvN2tiJ48TpVlZemnVL1yRtfM+DjpO0Xpq2SRw7vr3PkSwl8T3neZ7fc/PXuec+91xCmxJQAkqgyQmwyf1T95SAElACUKHSk0AJKIGmJ6BC1fQpUgeVgBJQodJzQAkogaYnoELV9ClSB5WAElCh0nNACSiBpiegQtX0KVIHlYASUKHSc0AJKIGmJ6BC1fQpUgeVgBJQodJzQAkogaYnoELV9ClSB5WAElCh0nNACSiBpiegQtX0KVIHm41AVyp7C6y9RchbAHwMwIQvZserxf5cs/l6ufijQnW5ZFLjWHECm5LXZTyUM0KTBiQjggwhNwI0840J0G/FfE7FasXTUBlQhao+XHXUgBKIJ3o/JbSfJnAPgJaFwxAfwJ9APifAcQh+QKBXxap+SVehqh9bHTkABBKJxBWWkdsA3CbAbQC7qtwWAUYIOSCCHOEdgFceLA0ODlaHtjHRmzW0jzqxuljIAvx6dCj/lQBgaToXVaiaLiXqUCMIbEplPmMs7gRxO4D3VNksCvFXWNk1WhzYtVhfnFh5lGcBufpCfQTYPzqU/8Bix9TjzhFQodKzoSEENiXSOzxwO4iUAOsBfKIuholTpUK+faGxu7vTW32Pd1NwP4DWqmNeA/CItfbJI8ODz9biVyydjqGMGIgYBDEDMwSDIyjj1ZGR3Ku1jB3mvipUYc5+nWKvzC4gvWJkBwXbAeyok6mFhh0vDeWvnPtiYyrV5Yl3NwR3gbi+qkMZkF8Z4+0cHux/oYH+qallEFChWgY07XKOQCwWa0OkbbshbxfIhwBuBXDeXTG4RWfKPoJ9sDyEiH1lZGDg0FJZVl2yfRbA2ZkTgceF+HOpkP/Nxo3Xd0Zay18Q4k4AH62ycVyAJyjmL6Vi/xNLta3Hrx4BFarVYx9Iy262FKFsA7BNYLcD3LJAID4pz0O4V4T7xJQPjRYKA7UGHE+mXwPoLhvn2hAgz7pZURnlEsVsoVTEyX3OzqoAPE/BToPpx4rF4v9q9UP7N56AClXjmQfGYiKxeb015VhVcaMrcKwWgJlYBIdg8LITJWP8fSODg/vqEWQ8mXlzQfsLG3sbxCMEdo4U8s/Uwx8ds3EEVKgaxzowlmLJ7DZQPk/BfQDaFnB8t5C7jdi98M2+Ri4Sx7p7Pw5PbqWIW/t6LwTXgOic9fEMwd+LyG604JlSPn8kMNDV0YsSUKHSE6RCYFNPT5w+7yVxB8Cbq7C44sanKLJbjHlhemJ839GjRycVmxJoJAEVqkbSbkJb7nY6ffNtQO4FcEWViy8C/IOxkZ3Dw6/8twldr7i0devWlhMnTkT9NWui4kfe1eKXo9YzUbF+VMDxFnhvAVPjAMaLxeLpZo1D/bo4ARWqJjlD3HoQMIEyWtYbyrVWuMEQm1wtjhBXQdAGVi7D2gC2ATL7M9bOhuD+GU+5B2SrPm9DMCbEGwTeAPCWgCeN4KTAjgtwkuTjADqaBEO93SgDOEzBKIhRERzw4P2jWDw8XG/DOn5tBFSoauNXU+/KbfQ10x+24B0EvjSvCLGmsbXzkggcFpE/jhYHfrikXnpwwwioUDUM9TsMefFU+gEIHph3u90dNA7wOGDHQIy5GRFBV/8zRsGYNRgz4HErGPOsGZucXDPW2jpmgWgHWssdsF7H7GwLxjAi1nTA2A4IOiHSAcMOEXYYkU5hZSbVAZF3g7zqAvVPq0OoNqtTIN6E8E1A3J3CkxScEkoUoLu8dbG+Dzg7G52zNgVjt7WIjE1MTLyha3G1JWEle6tQrSTNRYzVlUx/UVARqOoF60CsBy0ivAsekkgk1sysgbVdMQ3/SkIq62EEWkmsszDr3PeErHO/C7AOFusIrBPCfee544VopSDqRIZAVGbExpVM1Olc5i6B5Ck47AH/LBbzB2rhoH2XR6BOyV2eM5dzr8pjJcbursxszjZ5zNI8fKSQe/Jyjr0RsWWz2dZxsr11UtrLhu2Gss4Q7dai3QDtlmgn0S7WOvGb+dlVtpPtIkgRyAhwisDYbMW7m20uVGHv7oLuBWRvpaDV+HtXopi1EYyCbEOFqgHZm78NiBA/83zzy+Hh/mIDzKuJSxCIJ9M/B/gtEf6YxDFAvgbgOgCnCd4nsG6zvBtdNf4F9qhyl+svitiXBNh1pDjwokJfWQIqVCvL87zRqkVKN1arM+xlDh9LZg7P7iXlyhfcJerZVhrKn/0fyWaz7ZNl3AjBDaDcjJkHrpMLmPUBPlMRLmP2+C3cc7S/39111bZMAipUywS32G7xZOZtt56iIrVYYvU7rru7N2HpZwTMEsiC3AKxm0HO/z/4D8jflQq571zKm1g2e40py00yI1puxvWRufW0eX2LIJ6myJPwz/x9ZGTkrUuNrd+fI6BCVeezIZ7MTAOIQHhPqZj7bZ3N6fAAYqlU2ojJCjgrSpKFE6Z37kG1EKvnQPPdUqH/5VpAVh5BqoiW3QZwG4HueeO5l0HcrPurL56yCtXiWS3ryHgy/SjAuyjy/ZHiwE+WNYh2Oo9AvKenB36kR2jTEInSMAOpiJH7LLQI7sZwl18FAgmZKVGYa0+30P9yoVD4Vz1Qx1O9W0T8OdGq1MvpDHtppFWolsZryUfHU5n7IfgFgL+VhvL12dVyyV4FpoOJpVIpwEsb9xYYMAMgA6m8CaZSrnCB5u7cFQgOgrYAQYHW6xOv/FUR872qPnsE/ProUO5go4jEEulbQT6kL4NYGnEVqqXxWvLR8VTvByF2j+soggejrXwol8u5dSttswTcCxZEIkkxSIEmLWIzmBOl2fqp82GJL2AfIXmAAxA7IPSKmG4dHR096Io8z7bu7u6rrWl1+5/fMPvHKQG/MTqUe3g1kjD/LnD1gv1q+BMEmypUDchSPJlxz+C5IkVXlniC4E9tBA+P5nL/boD5pjGxoafn/Z7PJJ0gCZMAK+/LA5C4iJNuo7t+EDkIByxRjPgcWkppR/WGeyLy1GhxwL3QYVXbzMsgbL9zQoXq0qlQobo0o5qPWJ9KXRuxkftJ+SZcxfVM8yHyEgwPAtJnLQ6z3JafPxuo2fgqDNDVlUnCc2KEpGWlmDIJSHqBx4Xme1eioM9C+gyxz49w/5F8/litIcwKVRsoPyoVBtxluLaAEVChamDCurq6rrSRtgcp8uCFzBJwrwV/ReDeIye5snj5lbw7VL0tSuSMWWsj5aj4JurNbo1iybVGGK08FyeIishakjM/U6IURkFGRezM32dminMf9ziLE+ILLWbPhe0WtYdAHIZIH2gOevZMX7FYdDtAaFMC5xFQoVqlkyLe07MZvtkCymZ3C3u2Bqf6FU6r5NmKmT1GoiQiJREU3Wuj3GVbuZVDWvy4YoxDM5AKVROlelMic1Nl/cZKjIYbINwAyCcb4KIFMHXuwylCZn4npqyVKZITgExCOEliwhKTFEyAcoKC163gmIng9RaRY4ODgycb4LOaCBEBFaoAJLvySqoFtnGZ7zqNN2F8OzHtRSbolSe906cnOjs7J/bv3++KTrUpgcASUKEKbOrUcSUQHgIqVOHJtUaqBAJLQIUqsKlTx5VAeAioUIUn1xqpEggsARWqwKZOHVcC4SGgQhWeXGukSiCwBFSoAps6dVwJhIeAClV4cq2RKoHAElChCmzq1HElEB4CKlThybVGqgQCS0CFKrCpU8eVQHgIqFCFJ9caqRIILAEVqsCmTh1XAuEhoEIVnlxrpEogsARUqAKbOnVcCYSHgApVeHKtkSqBwBJQoQps6tRxJRAeAipU4cm1RqoEAktAhSqwqVPHlUB4CKhQhSfXGqkSCCwBFarApk4dVwLhIaBCFZ5ca6RKILAEVKgCmzp1XAmEh4AKVXhyrZEqgcASUKEKbOrUcSUQHgIqVOHJtUaqBAJLQIUqsKlTx5VAeAioUIUn1xqpEggsARWqwKZOHVcC4SGgQhWeXGukSiCwBFSoAps6dVwJhIfA/wEwAr15xW0eggAAAABJRU5ErkJggg==', 'test', 'dfasdf', '', '2023-05-18T14:03'),
(3, 3, 'data:image/png;base64,iVBORw0KGgoAAAANSUhEUgAAASoAAABLCAYAAADH5cpkAAAAAXNSR0IArs4c6QAAAqZJREFUeF7t1rFtQkEAREEohYCAMuicLhw4oBSo4bNaab80js3qmDs9cb34I0CAwLjAdfx8jkeAAIGLUHkEBAjMCwjV/BU5IAECQuUNECAwLyBU81fkgAQICJU3QIDAvIBQzV+RAxIgIFTeAAEC8wJCNX9FDkiAgFB5AwQIzAsI1fwVOSABAkLlDRAgMC8gVPNX5IAECAiVN0CAwLyAUM1fkQMSICBU3gABAvMCQjV/RQ5IgIBQeQMECMwLCNX8FTkgAQJC5Q0QIDAvIFTzV+SABAgIlTdAgMC8gFDNX5EDEiAgVN4AAQLzAkI1f0UOSICAUHkDBAjMCwjV/BU5IAECQuUNECAwLyBU81fkgAQICJU3QIDAvIBQzV+RAxIgIFTeAAEC8wJCNX9F5z/g7f74nP9bnOIbvN7/f89TnPTgIYXqIJh/Py4gVMfNfvyEUP0I52MECBCIBfyiigkNECDQFhCqtrB9AgRiAaGKCQ0QINAWEKq2sH0CBGIBoYoJDRAg0BYQqrawfQIEYgGhigkNECDQFhCqtrB9AgRiAaGKCQ0QINAWEKq2sH0CBGIBoYoJDRAg0BYQqrawfQIEYgGhigkNECDQFhCqtrB9AgRiAaGKCQ0QINAWEKq2sH0CBGIBoYoJDRAg0BYQqrawfQIEYgGhigkNECDQFhCqtrB9AgRiAaGKCQ0QINAWEKq2sH0CBGIBoYoJDRAg0BYQqrawfQIEYgGhigkNECDQFhCqtrB9AgRiAaGKCQ0QINAWEKq2sH0CBGIBoYoJDRAg0BYQqrawfQIEYgGhigkNECDQFhCqtrB9AgRiAaGKCQ0QINAWEKq2sH0CBGIBoYoJDRAg0BYQqrawfQIEYgGhigkNECDQFhCqtrB9AgRiAaGKCQ0QINAW+AKDNApMu+1f3QAAAABJRU5ErkJggg==', 'testsdfa', 'dfadsfa', '', '2023-05-05T14:04', 'data:image/png;base64,iVBORw0KGgoAAAANSUhEUgAAASoAAABLCAYAAADH5cpkAAAAAXNSR0IArs4c6QAABahJREFUeF7t219rm3UYxvHrfprWKXpQhDHGWNMm/beqCNsKjWuHIBOcnuzAI/EVeO4r0XegoMLmiQxlnVPD3MQOrW3atGliqzsQnTAUpLN5bklViLVoxvrnTvPtSU+S57l+n/vmgoQnJv4QQACB4AIWPB/xEEAAAVFULAECCIQXoKjCj4iACCBAUbEDCCAQXoCiCj8iAiKAAEXFDiCAQHgBiir8iAiIAAIUFTuAAALhBSiq8CMiIAIIUFTsAAIIhBegqMKPiIAIIEBRsQMIIBBegKIKPyICIoAARcUOIIBAeAGKKvyICIgAAhQVO4AAAuEFKKrwIyIgAghQVOwAAgiEF6Cowo+IgAggQFGxAwggEF6Aogo/IgIigABFxQ4gsEUgmx953iy5IPkFSXO15YVnQdpfAYpqf/25ewCBfP6pY6nde1qy8y5/UbJjf8dyaebb5YVTAWJ2dASKqqPH39mHz+XG8nWrv2Jmr0s61KRRk9slKf2wVln8qLOVYpyeoooxB1LsoUB/fuScLHlN8peabrth0hsuXawtL3y6h3G4VQsCFFULSLyk/QVyudzhtKv7Zblelex080e7xP1tr2feqtXmfmj/kx7ME1BUB3OunEpS/9DYuNynJE1Jfl5S0lRQF83tnVql9C5Y8QUoqvgzImGLArncSCFN7BlzFdy8INnhLW+959Kbnvp7qyuL11u8LC8LIEBRBRgCEe5f4OjRk48cevS3CXcvqFFKbs9JymxzpVnJP0ktuZypJ3MrK3Pf3f/deMd+C1BU+z0B7t+SwPGhoYFMmplw+YRMje+Yxrd5Y12yK+7pDZOuq575mu+dWuIN/yKKKvyIOjPg5vdLSk8r1bjMxiUf2UbiZ5k+kHRFln5VK5dnO1Pr4J+aojr4Mw55wmz2xBFlPKtEWaWeTcz63DwrT7KSDzV/8d30BfjtRPpMrptuuvVwt90qlUq/hjwgoXZUgKLaUU4u1iyw+XFNXQOp+4DJ8i6NmWxA8uyWByy3g9uQVJTbjFk6U0/8xmq5XEO4MwUoqs6c+66cemDoxBml6Rk3OyPpnKTu/7nRXbnWZFpzac1k1dQ0n6nb8srKfGVXQnLRthSgqNpybDFC9w0+MWramDSzSUmTcvVtSZbKVZFptVFG8s3/q576WkYb85VK5ccYJyFFdAGKKvqEAuUbHh5+7Pc0mUqlxqMAkyad3BLvbuPjmrkXlSTF6lKpGCg+UdpYgKJq4+HtRfT+wdG/nuzW2T+f8FbPlvsW3ayYNMqpvl6sVquNsuIPgR0VoKh2lLP9LzYwPHxKblPujWKyF7Z5iHLNZUVzvd+lzOeVyuz37X9qThBdgKKKPqFdzteXH5kw6axZUpAaPzvR4/+8pdel5JK5X1XGi9XFxW92ORKXR+BfAhRVhy1FX26kkHQlmz89MVNBriPbEFyT/MvUkqurS6XLHUbEcQMKUFQBh/JfkfoHR30XIn/hbtNJounqUml6F67PJRF4IAGK6oH49v7NO1BUdUkfS7op95s9XX6tXC7/svcn4Y4ItC5AUbVu1VavPH78yV4dWu/trie9G9JDXa6f1nt05/bi4p22OghhEZBEUbEGCCAQXoCiCj8iAiKAAEXFDiCAQHgBiir8iAiIAAIUFTuAAALhBSiq8CMiIAIIUFTsAAIIhBegqMKPiIAIIEBRsQMIIBBegKIKPyICIoAARcUOIIBAeAGKKvyICIgAAhQVO4AAAuEFKKrwIyIgAghQVOwAAgiEF6Cowo+IgAggQFGxAwggEF6Aogo/IgIigABFxQ4ggEB4AYoq/IgIiAACFBU7gAAC4QUoqvAjIiACCFBU7AACCIQXoKjCj4iACCBAUbEDCCAQXoCiCj8iAiKAAEXFDiCAQHgBiir8iAiIAAIUFTuAAALhBSiq8CMiIAIIUFTsAAIIhBf4A8ieJVuM9EuSAAAAAElFTkSuQmCC', 'testsadfasd', 'dfasdf', '', '2023-05-10T14:04'),
(4, 4, 'data:image/png;base64,iVBORw0KGgoAAAANSUhEUgAAASoAAABLCAYAAADH5cpkAAAAAXNSR0IArs4c6QAACtVJREFUeF7tnW+MXFUZxp/3zG4xgglVQBDY3dn5szuzgA2IBBATQoyQtGCpbbcohuAHowQJEjXlix9M2gYiMYJEsVJNG1oaqC0BkWLApIga0hCbMjM7d2buFLtVDFH5F8ru3PuaO90p01LozP6ZOXPvc5N+6Z7znuf9vec+uXPvuecKeJAACZCA5QTEcn2URwIkQAKgUXESkAAJWE+ARmV9iSiQBEiARsU5QAIkYD0BGpX1JaJAEiABGhXnAAmQgPUEaFTWl4gCSYAEaFScAyRAAtYToFFZXyIKJAESoFFxDpAACVhPgEZlfYkokARIgEbFOUACJGA9ARqV9SWiQBIgARoV5wAJkID1BCJjVPFURoNqGON/oTwx8WfrK0OBJEACRwlEzqiCzAW4p0+8e4vF4uucCyRAAvYTiIxRBaUYTmZvVdEfABgBMCEq91RKuYftLxMVkkC0CUTKqIJSp9PpM2oa+74CgWEFx7si+mOdlkdcN38g2tOB2ZOAnQQiZ1SNMiRGRq70fbMTwBlNP4S3iOrvKk5hh53loioSiCaByBpVo9xDqdE1AjMO6PVNU2AKone5xcID0ZwWzJoE7CIQeaM6eoWVGEt64t0qIncC+Fj9prviaTWy3i3m9thVNqohgWgRoFGdoN4zN93XAkgGf1bV9R9fZNblcrm3ozU9mC0J2EGARvUhdRjKZs+Waf9uQG6fafIyVO4z2re7XN73bzvKRxUkEA0CNKqT1Dmezl4FxR2ArphpeliBHxnvvV9WKpU3ojFNmCUJdJcAjapF/kOp0VsE8hCA/qYuLwiwoeLkn2oxDJuRAAnMggCNqg1oyWTyzJosWiHQrwK4prmrimwQyDa3+Mrf2wjJpiRAAi0QoFG1AOlETQYTo1eYmFkBrZvWQPNVlkK2SM3sdN39r80yPLuFmEA8lXk+SM918leHOM15TY1GNUecZ2azp502pcthsBSKVc3hBPIbX3RXtZgPFpbyIIE6gcYL8q6T5/nX4pwgqBZBtdJseDg7oEaXAboGIlc29akJZAvgP9lvdPfExMRbrcRjm3ASoFG1X1caVfvMWuqRSGQu8ERuEtG7ACw6rtNuUfxBFM+Wy/n9LQVko9AQoFG1X0oaVfvM2u4RT2W+BKDxb8mxPw+R8wXPGNXn4E3t4ZKHtvH2XAcaVfslo1G1z2xOPYbTY5eq+tfOGNdVxwV7XYEnRM0uv99/6UA+/885DcbOVhKgUbVfFhpV+8zmrUciccH5Kt4yH1gqUr/i6msKPq2q62D8bdVisTBvgzJQ1wnEU5nDAE5R6E1Vp7C164J6QACNypIiXXLJJf3/ffOdZYBZpurfDJFYk7S/iugTlWJhvSVyKWMOBIbTo2tVZR0gT7hO7oY5hIpMVxqVhaVOJBJn+bH+VVAJljsc//PwXuPH7i+X9//DQumU1AKBeDwziD5Ug6bGN6ly+ZVSC90i3YRGZXn56zfiBauh+OYxUhWPQvBr18k/a3kKlHcCAvF0ZjMUXw925qiWCncT0kcToFH1yAypr9GK6WoA3w7WDDZkq+BFgW413vT2crnMXR16pZ6p0RsV8jiAKdfJn9Ijsrsmk0bVNfSzHzieHLseot8B9MvHRBH83PPNg6+WXsnNPjp7dopAPJWZCl5yF+iyilN4slPj9uI4NKperNqM5vjIyAj82G2ANvbMqv9FRJ5X33vQLU081sPphV56PJn9CUS/J8AvKk4+uFLm8SEEaFQhmBqJxEVn+aa2WkXHRXFFU0qvqeqDvvG3vFosVkKQaqhSGEyMXW2M/xygB12ncH6okpvnZGhU8wy02+EG09nrjK/jEIw3v7ojwDYINleK+d93WyPHf59APJmZgCCtqtdWS4VnyObEBGhUIZ0Zw8OZlMYwrsBqAcaa0twnqr81qG0vlUoHQ5p+z6QVT2c2HnmiKw+5Tu5bPSO8w0JpVB0G3oXhZCg1Oi4iwRKHo4sLBaipYpMYbK8U83/sgi4OGTy+TWZXQnQ7oB5qfedyDzNeUUX+xBhOpy/1EVsjipsAfLoJyJ7gZOESh+5Mkca7f6J6V6VUuK87KuwelVdUdtdnQdQFn7WfhlmukFuOu/leU9V7Yxp7mKulFwT9CYMOpTP3ieJOBfZWnfznOjdy74xEo+qdWi2I0sHk6OViZKUobjtu36w9AtnUb7zHuNHfgqA/GjSRGEv6xnfq/6Gy2i3lti/siL0XnUbVezVbEMXJ5EXneahdDvFXArKyeRCFbhLFNrdU2L0ggzMo4qnR7QF3BXZUnXzj02wkM0OARsWp8AECA8mxrIG3SkSCfbMua2pQUtXNEtOd7sTEPqKbPwL1ZSWq9aUjvq9XHigXXpy/6L0fiUbV+zVc0AyGUtnLjOhyVdwIINUYTBRP+yK7+LWd+cMfT2UCc7pcgZ9Wnfyd8xe59yPRqHq/hh3LID6SXQVPV0DqptXY5O9tgTzmG+ysTuR2dUxMCAeKp7K3A/ozAIeNH0tzK5/3i0yjCuGEX+iUgqeGNd98Q+ur3+XSpvGmRWS9eGYjT7L2q3DkVaipQ4DEROSqSjH3QvtRwtmDRhXOunYsq+HR0QvVk5sB3HHMU0PR4Cs7GytOIdjKhEeLBBo31UV1baVU2NBit9A3o1GFvsSdS/DIKusPPDX8jwh+pTBb+bn7k9cins7cBsUDAJ5ynfzSk/eIRgsaVTTq3NEsZ54aroTIyub3DIPtZ6DYDO/wDn4W7MQliafHPg/1/wbAmxZv8GCxONnR4lk6GI3K0sKERdaRqyysBrR5bdA7UNmk8B+vlgp/Ckuu85VH45UaVVlfLeW4TXGwx9p8wWUcEvgoAoPJzMVGdA1gxgE9r6ntX0Q0eGq4o1oo1D94EPVjKJn5oQiC+1Nviffe+bz6pFFF/ZzoeP4DAxcu7ltUG1dBcIV1TUNAfTcH6KMC7Kg4hR0dF2bRgNls9rR3a/oqFItVZEO1mFtrkbyuSOEVVVewc9CAQHA/Rn39igiWAzraRMUHsB8QRwWO8eGoaCmm/ZVSaV8k9tAaTmfX1j9AC8B18pE/TyMPgJZhB4HggxUq/g0CfC34ivBHqHobgAOBA4UjKhUffkU8cV03f8CObOauYiibPRtT/kERifkqFx8o5V6ee9TejUCj6t3ahVb5UCq7BPCXGMhnFVgCIA3gMy0k/EZgXgDKasSVwMBgKjXU3F7cMz6eygQbGl4jkFsrTm5TC/mHtgmNKrSlDVdiIyMjn6jVJK0GaV8xAsEAFIMiMgBgMPjs1EkzFvwLGnyhWF9SSFlUDpmYd8gTmfzUqadO7t27d/qkMTrYYCiZXSeiawG933UK3+3g0NYNRaOyriQUNBsCg5nMOTKNQQNJ+PBTIkgCMgzgnBkja2WuH4LiEEQPKWRSgEmFThqRg57GJvv18GSpVHpzNvpm02coNbpGII8A2OM6+S/OJkZY+rRSvLDkyjwiTuC8sbFP9k1pyiiSTWY2JsCZCpzV0lVZdxh6rpNvvATeHQVdHpVG1eUCcHh7CKTT6XOnfJMSI0lRpHwgKfV7Y3I6RE+H1s3MdEHx/1wnv7gL41ozJI3KmlJQCAmQwIcRoFFxbpAACVhPgEZlfYkokARIgEbFOUACJGA9ARqV9SWiQBIgARoV5wAJkID1BGhU1peIAkmABGhUnAMkQALWE6BRWV8iCiQBEqBRcQ6QAAlYT+D/t7FDebK1ZaUAAAAASUVORK5CYII=', 'dfadsfad', 'dfasdfadsfa', '', '2023-05-05T14:08', 'data:image/png;base64,iVBORw0KGgoAAAANSUhEUgAAASoAAABLCAYAAADH5cpkAAAAAXNSR0IArs4c6QAACT5JREFUeF7tnF9sW2cZh3/vZ7dpS7qtXbo0aUft2IljR4xOaauNFmkg0V2xISTGuOAC7vhzARITHQht42JMgApC4gZpIDGkISYxJiEVcUFHBZraKSOii53GTnyytcSjbKtZ17W1z/ei43QiSpvEXpzmfD6/I1Wx5O/P+z7v66f2OccW8CABEiCBkBOQkMfH8EiABEgAFBWbgARIIPQEKKrQl4gBkgAJUFTsARIggdAToKhCXyIGSAIkQFGxB0iABEJPgKIKfYkYIAmQAEXFHiABEgg9AYoq9CVigCRAAhQVe4AESCD0BCiq0JeIAZIACVBU7AESIIHQE6CoQl8iBkgCJEBRsQdIgARCT4CiCn2JGCAJkABFxR4gARIIPQGKKvQlYoAkQAIUFXuABEgg9AQoqtCXiAGSAAlQVOwBEiCB0BOgqEJfIgZIAiRAUbEHSIAEQk+Aogp9iRggCZAARcUeIAESCD0Biir0JWKAJEACFBV7gARIIPQEKKrQl4gBkgAJUFTsARIggdAToKhCXyIGSAIkQFEt0QPJwawGT5WLBTLi64QE1pkAX4QU1Tq3ILcngZUJUFQU1cpd0sEjBgYGbrXxTUdE9QgAH8CLqnIKYk/HrJyeni682sHpO5MaRUVROdOs7Qx099DQrriNf01Evw5g6zJrv1kuFnrauTfXap0ARUVRtd41HTAjOZj97wJB+YC8A+ht16em58vFyTs6IGWnU6CoKCrnGri/f3TL5s1Xbq+L7YkZbBfoLb7qrYC5JXgswFYLbBXBVrHoVmm8Y+pWoDt4LngMYPsyiQcfAd8C5ITAPlvXWOG10kTeOVALAk6mhw8r5G4D3KOC+1SQ96YKB13JiaJaQVS+mhHXm9SFZtyRy3Vvump6jdZ7EZNeUemF2p0Q6QXQC0EvNPinCRGJtSsnhRQEahToEeD2Nq1bB/R5iPwVMC+XpyZOtWndlpZJpe66wzf1hwX6MIB7F05WYMwrFva1tOA6DqaolhbVeQA9UHmoXMo/t441cnrrTCaztSbSZ+voN4I+FfTDmj4V7RegD4p+CPpWOE+0mIEFcB6KKgQXAFQBrUKkCisXIFpVSFVEL6iVKmCrwQImphdRM1WRDVWRS9VSqXRl4cJ7stm+mI+7AR1WK8NiJK2KQUB3r6oIgrfLU4Xl3sGtavkbTU4MZT8vil8D2Ljg+dcB/YMVc2x2Kn+s7Zuu4YIU1VKiSuf+BtGDqvqEV5p8fA1r4OzS6XS6qxaL9ccR77e+7hJofyAihTQeA7ivpeQUFQjmRFGxohUoKiJmLvgLg4rxZa6rSyv5fP5iS+ve5MEDQ7lDsPaQihwCcBjABlV80ysVfnozQkkOZn8I4JFre70LwbMW8nvX5LSQFUW1ROckBrNPC/BlBZ73ioXP3owGC+Meu0dGtm+s1VIWsZQoUgpNCSQFIA0gkNFKR/DuZwbAHKAV4P/y8QUVWFRkI+a8fD54ruOOxGBur0CPB4kp5BNeMT++VkmmUiNpa/QooJ+e30N+Ya38dnZ6orG/ywdFtZSo0tlviOAnCkx7xULwouzoI2jyekwHjSIN0WEocgBGAOxoIvF/AShB4YkRL/hr1ZYRh+dNTnpNzO/oIYlrvTTvDvmuXr101PO8y+1Mev6jnjwJ6MB8LeSJcin/m3busZ5rUVRL0N+TGv6YMfL34OlOO6G+J5NJGj+2T0T3QXS/qnwcQHy5RgyELcA0BCVAZkStJxbe5Q3wzk1OvrmeTezC3snB4dcBef9c17sQeUyvbnza88aDc2yrOhLp4cdF5LF5EeIZ1PC9crkwu6pFQzaZolqiIMFVqO6avgFgiwITVs1DLl79uzOT6Y/78X0Qux+BmFSCKz03uoExuCRfgGAaVqYFOq3QUiCjbds+VB4bG6uFrHedCyc5mP0+gG8B2DwfvP4bkJ/ZOH45WyjMtZLQojvqr02VR8rF/I9bWceVsRTVMpX6cHokZ8T+ToARF2TVuMKmsQOAPQCV/QAOKLDrBileAvCyAOMWOg6Y8bU8d+LKi+FmxJlO50Z86Fcg+FLwn+C1PS2gpwFMATIFRdnETLmOenn2zJnywrhudEe9AP8RYz8zfeZM4xNAJx4U1QpVXSgrAJdq4g+dnZo6F4ZmSKWGR32DUYEZVeioAKNLxDUOyClRHfeh4/7li+Nnz559Lww5RDWGRGLvbSZ+5QsqOApg0wfiIHhbID+ycfyqUy9GvM+FomqiQwJZxcRONN6sq/zAK+W/08S0NRmSTI88oGIfFOCLwWXv6zYRzEL1FGBOGSOvXIlj/OzExFtrEgwXbQuBZCZzF3zzUTGSC25oVSABQQKKnUttoIojWzbKz8N+q0ZbADVOvfFoikAinf22CJ4C8I74V+6cmZlp3ES41sfQ0FBP3cYbcgLkfgBdC/YMzisdnxdT7GTN1MbC8m5vrblw/WgRoKiarHcul+t+r66vQbFNRZ7ypvKPNjm15WHJTCaj1jwI1ftF5JOLFvgngBestcdnp884f39My3A4IZIEKKoWyj4wlHtUVZ9sTGl8PUH+CN+cKJdfDa4OrupIZTIHVWOHVTW4k/me6+Ukz4ivL8zMFIqr2oiTScBBAhRVC0VL5HI7pa7/WHzuQFX/IiLBu5sT5WLhRLNLBt9on/+KhRyG4COL5p1U1WMK/Hm2NPlSs2tyHAl0IgGK6gNUNZnOfQ6iX235u2wr79WQE8T8ySvmT648nCNIIBoEKKpV1Dk5mP0URDOwJgPRvap6b4s/QXIV0OegctyHecnFG0pXgY9TSaBpAhRV06iaGxj8qFtX16UdxmiPL8FvHJkdAu2B0c0KOQerFcS0gqsb3mjHua3mouIoEnCbAEXldv0YPQlEggBFFYkyM0kScJsAReV2/Rg9CUSCAEUViTIzSRJwmwBF5Xb9GD0JRIIARRWJMjNJEnCbAEXldv0YPQlEggBFFYkyM0kScJsAReV2/Rg9CUSCAEUViTIzSRJwmwBF5Xb9GD0JRIIARRWJMjNJEnCbAEXldv0YPQlEggBFFYkyM0kScJsAReV2/Rg9CUSCAEUViTIzSRJwmwBF5Xb9GD0JRIIARRWJMjNJEnCbAEXldv0YPQlEggBFFYkyM0kScJsAReV2/Rg9CUSCAEUViTIzSRJwm8D/AHpBxGqz13o4AAAAAElFTkSuQmCC', 'fadsfadsfadsfad', 'dfasdfadfadf', '', '2023-05-05T14:08'),
(5, 5, 'data:image/png;base64,iVBORw0KGgoAAAANSUhEUgAAASoAAABLCAYAAADH5cpkAAAAAXNSR0IArs4c6QAAD2pJREFUeF7tnVtsHNd9xr/v7PImX+TUpGXLMblLLW9LmZZD13FSG7GTNoZRt2jSFz+4L03T9qFB47ZAG6RtGqRF0aJJg7RAH5oaqN0LAhRFUvSCImntoKlgORapihKXXC65pOxdSrYcUxYti+TO+YqzpGyJEiWSEslZ8j/AYJbLmXO+8zuHH8/lPzOEbUbACBiBmBNgzPWZvDUS6O/vrztz5kxTFDU2qaHSpCjZBEVNyYRrktSIsEMNABoB17D4MxoANXqg0TnMCZgHMCdVj/MOmAvHC9+F3yeEeSX8glA3H3ks1IWfpfmoQQtN0nylUlmoVCrzk5OTCwCiNRbDTjcClxAwo4p5g8hmszfPVip3OCVbHHwL4Fo81EKoBWCLgBaCLaj+jHsAJGJcJA/idYgzgGZAzbD6GTMgZ7z3Z0BX/R6Rm0kgemMu4U++ls9PA/AxLpdJ22ACZlQbDHh58plM5lagsWUBlTtc1Vxc1XQE1wIXflaLxBYCwXjC3rTJEmOanV4HXDCskwSmPXESwjSFk3CYZkUnGxs5PTw8PBvTApis6yBgRnUd8C5cum9f3x2Rq6RB3bXY03Et0vu9nkXDea/XE4Zd69k8oDLAkoASxTLhS3IsESx7VEoNZGl0dPTsehLfjGv27u3f1dBwrsU5NUdEMxdNulmBGV04Ni8ZdPOSSYfjerZBQUcA/p8jjicRHcnn86fXk5BdEw8CZlSrqIdU6sBtrF9ok1cKUJpUGnDp8BlA2G9aRTJXO+VHAMphD6YjqESh5MGyS0SlyLnSVC4XehM7buvs7GyeU32Lo2+mfIsHmhlMLfwjIJqhMPxV8+JnfRDgSkPfVwEekfyAI15RkkPFXG5qxwGt0QKbUQHY09d3U+O7vpVebXBqc0RKXmmwakLtANb7nz1MQpchlkG/ZEIoEa7kFZWdZ+n8B3aVyocPn6vR9hM72ZlMtjdKoJdCr4ReQPcByKwgNPRQDwM6KuJYIsKx8fHcsdgVygRhRxhVWAmbmTnfpoTaILSCCMc2vd8jal1HWzgFYFqhFySU6Vj28iUHlCO5UlLJ0vj40dfXka5dcoMJtPX03JWI0OuXjIvgAQD3r5BNRcBzlPvOuV2J/zp19Og7N1iOJbcOAtvGqNLpnjbUsRUebaDaAAbzaVvcq0O01c4NzUIogygL1XmgcpgP8m5xWBahUqr3vlQoFEJvybYaJZDJZBqAul5P3if4+7FoXh+9fNVU/yK4f3cJ/8LEyEi+Rotb87JryqhS3d0p590+wbdTzHggw8Vu/X4A7hq1oWrvJ0xIk2WFXlC1NxR6QiwzWSnPk6XSyMibNV+rVoB1E0hluh8n3CdFPU6EoeNFm/i/oP7be//C1PjoC+vOxC5cM4H4GNWjjyZby+VW510rHVurQ7TqMI2tCJPXwr5VxAh9N8wJiZymwpxQGIah7CKW29r2lF588cXKmgnZBTuWQFvH/h5H/ylJnybQvwxECGJ9UeLLoB9KeA7Z/NbGNZVNN6qwihOxri+KfB+IewlkAYRh2t41FDNEO78CYgAegx4cmCoMD67hejvVCKyZQKqj+5ed+ISIJwEkr5RAcSy36X9Tay5IDV6woVDDatquc3OfAPkI4O4F1AfgrjVzEvIiXyEw6BwHFt51gydODL215nTsAiNwgwi0ZbL3J4gDF81vPRKSNqO6QYCXJXPDjSqV6X4UwKMkPxaO65A9A/AQ5A+TGKjQD57I5yfWkY5dYgSMwDYhcEOMqq0z+4STfwLgE1eJWVkJ2SCBQyIOu0iD4+MjYQhn93VtkwZmxTACN4LAuo0qxKa4ir6wRnMqC3gJwCFHDMw5Ddoq242oRkvDCGxvAusyqvaO7icF/h2A3SvikSLAVU0JwEtOHBwfP17Y3jitdEbACGwEgTUbVTrTMw3iziuIKYCht6RDhD80kc8P2HOINqLKLE0jsPMIrMmo0p09z0N4GoAAfC/0lML8UpLRIbs7fec1HiuxEdgsAqs2qnQm+xegfm1J2B8Wx3K/t1kiLR8jYAR2NoFVGVW6o+crAH73PVRJpOwRGTu74VjpjcBmErimUYW4KJIX39f0veJY7qc2U6TlZQSMwM4mcE2jSnd0fwfgz17AJOKpyXzuWzsbm5XeCBiBzSRwVaNKZ7JPg3r+IkGzxbHcLZsp0PIyAkbACKxoVOF5PZ51BwV8iMSfSPhtAl+fGMs9Y9iMgBEwAptJYEWjas90/47IPwbwtwA+DeAWOH9fcXT06GYKtLyMgBEwAlc0qq6urlvm5YbC43pB92HIV6PLi2O5jxgyI2AEjMBmE7iiUaU7e34Jwl+HoE4591V6/x8QPlss5L652QItPyNgBIzAlY2qoydEnX+C4C8KejZgSmhhd6FQeNuQGQEjYAQ2m8BlRvVe3BSRT/iFvoh150F8s5jPfXazxVl+RsAIGIFA4DKjau/o+SsBvyrpD0g+BuBjkh6dLIx835AZASNgBLaCwCVG1dnZefeCEuEFjI2M0KcEwuuBjhXHcvduhTjL0wgYASNwWY8q3dn9mxD/TMCzkJ4Pt85Q+I2JQu7PDZcRMAJGYKsIXNKjSnf0hDCEB0n+pKQwoQ5UkCoWc1NbJdDyNQJGwAi8Z1QX3Xx8qDiWeyjd0SMI3yoWck8ZJiNgBIzAVhJ436g6e75G4RmSX/bQreGziE9N5nPf3kqBlrcRMAJGoGpU/f39dT96+50RgO0CHyL0EoSpYiGXMkRGwAgYga0mUDWq9o7unxf4T+FFDPMJ/XR9xNMAvlIcy/3+Vgu0/K+fQHg79YISvw7g5wDsB3GymM+t/UWw1y/FUjAC6yJQNap0puc5EL8Qhn2SvhS+E3j/5NjwkXWlahdtOYF0Z/YRSs8A/HFBdy+PmbM3+m55FZmANRBYNKqOnvAm4jTpHpT8ywD+rTiWe3IN6dipW0Qgk+n7YEXRfiaiXgm9BHsh9YNMLJMUXsjxQ5LfnsgPh6di2GYEaoYA011dXfBuBEDoPf0DgD+l+JmJwnD1Hj/b4kEgvPA1EaHXL5pRFlAWQNh/7BoKKxKemyzkPhOHkoTnnEm7dksLu1Hnd0cV1ieE03P1eNNeRhuHGoqnBqY6e56i8I8gvwjpjwC8yWhu38TExJl4St7eqqrzSUj2SMgSPouqKVUNae9VSn4KQI7Ay54YSEQ4Pj6eO5bK9HyeRBjK31YT1IS3RH7cphxqorY2VSTTHdlvAPpceHqngM9D/MtiYfhzm6pih2aW6sgeAPwBB94n4ACALgBXmeTma6A/BuEY4YYj+RHN142cODH01koIQx6EvguguUYwz0j48mQh9/Ua0WsyN4EA0x094bXrH76Ql/f+41Pjoxe/dWYTZGzvLNrb23ezrmm/It8HYnEXHhSQXKHknsCIB4846QdyPBadTxy7miFdi+Devf27mprmbq/QNzuHm73HbFI8GzVodhcwOzw8PHutNDb695f1AMkvav7c1yYnJ89vdN6WfrwJBKN688I8h4iDk/ncT8RbcrzVpTo7u+m5H3QXDKkvLFRcWbUigUdIDBPMQX6UnvmGBuaHh4fn413SjVEXeoAO+lcBYaUybO+A/JLm6/9mcvLIzMbkaqnGnUAwqrAatLhRv1XMj3w17qLjoC+Vyt6pBmadj3ohLpoSqnvjCvreAHB8+TxSHMoSRw2pTHd4zFB4BtrS3JxeB/gNn8SzU7ncdBw1m6aNI3CxUc1757unRkeLG5dd7aUcVqkWUJ9NAFmFyW3ygiG1XqU0ORAH6THgoeEkKscLhUIwKtvWQCCsdHJBv3KpYcGHMAsQQ/QYBjWGCPmJiZHwSCLbtimBi4xKf18cG3l6m5ZzVcVq6+pKJ7zLCuypmhLYx8VeUt1VEgiPZx6AdJDkwUpj8uCJoZUnt1clxE66hMBFhvUFAPVXxqMIwD+D/D7gfljMHw/xgLZtEwLvGxVxUsAEhLDUfQrSKdCdFHUKkU55Jk+dr/en3ojBpOv1sk+lDtyWSJzPejIrF8IA1FMdvl09BCBkG24tGiA5II9BJw6Mjx8vXK8eu351BIJhJefdTZ7IyukjlB4ScA8X5wDdslRmBD5moQ6rYxv3s4JRhXipW9cgdFbByBjMLP6m1prpzSZQyYKuh9XhWzUmaf8VGvZyBCcAHA2mFGKT3AIGJyaGw3e2xZBAe2f2YXj/sMiHAXxyqRdsoQ4xrKv1SGKquzvFyIVYqp9ZTwLb4Jpg1EMChpwwBMchVM4PWcBrbdfspaEO1WFheMR2HmAeQtElXLGCStHmZGujnt97HlV7R/eTknscVAg67AZwT20UYVUqT0B6VeQJR055YQqek04atl7SqvjV5ElLwa4hJvBqkfkRhHEQZQHTFMtwfppC2QvTcP6kP99w6npi2GoSXsxEr/hK9xup8+7u7tsb5rE3qku0QGog1ACggUADlj4DrvqdvF9hsnRREckI5Dl6nfPUu5Q7R/pzdIlzkdc7Xjyb9Jqdb+LsrVIIZNyR8Ug3sv5qPa19+7r7vXMfFZWmR7OI2ylkQHSuoWxh0aQE4DVCJYGvCeGfn3s1GelVae5V64WvgeYaT90Uo1qjJjvdCGwagWw2e/P8vNsjVfbI4U6Ie+C4B/LVzyLvBrRvFTd/B80hdOJNAW874Ew4Ajot8A0C4Xjawb8RjuG7pJKnK5W3T1vk/bWr24zq2ozsDCOAdHr/Hu8q+xy5T8G4yD0A9oDYA4VdKV7+aJ3Vkju7tKIcYu1mAJ4lcFZCWLg6C+h1OExCnMRC/eROjNA3o1ptU7LzjMA1CFxyPyW1OMSEmuXD0TUzfAfcvnSDeLhJPHzetT6w/M/FxQE/BnAkobpcoXD0tfWlFf+rzKjiX0emcBsTWIe5hXsgl8eMXSAU5tFGUH3ngf6HPvHydlksMqPaxn8EVrTtSSDd1dXHKHEvqD5RfZD7EKA7rlxajoD6gcRXnIsOT4yOvlKLVMyoarHWTLMRWEYgBDY75/vg2UfqAQgPgPjAclACDk+O5R6oNYBmVLVWY6bXCKySQHt3d6fkDsDrAZIPSAoGdbg4lntslUnE5jQzqthUhQkxAkZgJQJmVNY2jIARiD0BM6rYV5EJNAJGwIzK2oARMAKxJ2BGFfsqMoFGwAiYUVkbMAJGIPYEzKhiX0Um0AgYATMqawNGwAjEnoAZVeyryAQaASNgRmVtwAgYgdgTMKOKfRWZQCNgBMyorA0YASMQewJmVLGvIhNoBIyAGZW1ASNgBGJPwIwq9lVkAo2AEfh/M3PslxaFx4IAAAAASUVORK5CYII=', 'dfasdfasdf', 'dfasdfad', '', '2023-05-05T14:09', 'data:image/png;base64,iVBORw0KGgoAAAANSUhEUgAAASoAAABLCAYAAADH5cpkAAAAAXNSR0IArs4c6QAACVxJREFUeF7tnU9sW1kZxc+5Tlw3CXVKmgKdMnXiuI2TDlQK4l8RTKvZVIINUmfFBoklCyTEZvZs2LBgDRvYwDAbFmhmRJmiRkIgKqBp4zT/7M50ZlQykxk35F9r3w/d51SEqhOSjhM/P58rWe/5+b17z/f7Ph09+z3fR6iJgAiIQMwJMOb6JE8EREAEIKNSEYiACMSegIwq9imSQBEQARmVakAERCD2BGRUsU+RBIqACMioVAMiIAKxJyCjin2KJFAEREBGpRoQARGIPQEZVexTJIEiIAIyKtWACIhA7AnIqGKfIgkUARGQUakGREAEYk9ARhX7FEmgCIiAjEo1IAIiEHsCMqrYp0gCRUAEZFSqAREQgdgTkFHFPkUSKAIiIKNSDYiACMSegIwq9imSQBEQARmVakAERCD2BGRUsU+RBIqACMioVAMiIAKxJyCjin2KJFAEREBGpRoQARGIPQEZVexTJIEiIAIyKtWACIhA7AnIqGKfIgkUARGQUakGREAEYk9ARhX7FEmgCIiAjEo1IAIiEHsCMqrYp0gCRUAEZFSqAREQgdgTkFHFPkUSKAIiIKNqaQ1cTp04sXgona6nUymfBvwhEumHRJrROtOAHTLvewh3BLAjBI54WBaO0TrMjqDxWQ+AbgPSNHSD7CYseg+iG2FbWEe0PARgT7kvz5X2tH9LsWrwxBFQ8e0ypbncuX7nNgdJG6ylXNZ59Bl9L4k+RuvsI8ISffDoA9ELoO9/u2cvaFkYsgAGAbhdDt/y3WRULU9BRwvoSKM6efIrhzOZ1YG6qw84YsDXbcCIAcIGCBzzsOMEg5EMEhg04PjWmUizi8UArAHYBLDRWHIT8GG59R6+MSg3abbuyTXS1mFcI2zdm60jbMPWNjb2gbd1OrdG1tdr9a41pmrr3Eytd3U9WMtms+vXr19/2Oxg1J8I7BeBRBvVsyPjYynYuMGPg65A2AiALzYJZjCSKogqjFXAqgCrFpZhm7f7DvwQDJ/5Kuiq3vu6c6lV7+pL6+n00r0bN1abpEXdiECiCSTCqLYbEokxA8cIjO+QuTqA9/ZiMmC9ioeuSnZXybXq/Px8OAtSEwEROAACbWVUT2FIG4BNwThDZ6U6OEPUS5XZ2ZkDYKshREAEmkQgtkaVz4+P1FJWcIZxml004tL/ifl2MCXSTXtYKZgTHq7NVCqV8BVNTQREoI0JxMKoThWLn0nVbMIbvkC6LwP2AoDUR3B9F0A4S5oy+pvBkJzfLC0uLlbbOA+SLgIisAOBlhnVqdNjl5z5SwAvADj7BI3hatdfYZgCOWXmp1jvKpXLN+8poyIgAp1FoCVGlSuM3iX4zGOo3zXwDQB/Ca/K3HRYqomACIjA3u5Obhav4UJxxRo3Q94H8DMDf1uZm/5Hs/pXPyIgAski0JIzqqFC8UcAfhJQGnDLm3vxzflb08lCq2hEQASaRaAlRhXE50ZGr5C8KLNqVirVjwgkl0DLjCogHSoUF8NCZpXcAlNkItAMAi01qi2zCv93i5q+BjYjpepDBJJHoOVGtWVW/wTwOZlV8gpMEYlAMwjEwqgaZjX6G4CXZVbNSKv6EIFkEYiNUQWsucLoLwh+dwtxuOFzGsQCPBcIWzDYPD0qR4/2ljVNSbIKUdGIwE4EYmVU0ZnVyOi3QP4KYfbKHZoBCwQWQMwDXKT5SjCxjW5U3p6ZeV9pFwERSA6B2BnVI7T5M2fO1707T9h5gOcAPLsH7O8AmIehQsdKWHrzZXShUpmZqeyhH+0qAiIQAwKxNarH2QwPD2fRlXkO3p4z2ijAPIBhAGEZ5gLfbQtXGVftv7NqhtkVGrNpEhvwthHNshnWo+1b78M6uQEfZt8M29l4H/XjNyxaj7ZtolaPPjO4DQM3zT3YMOc2Hji3uXT8+AauXq3tVmyn75fL5TJATz/StX74VD9gGVgqg5Tvh7Ef5vudc1mY9QPoN1pjO9iPaD2anfVJUz5/WJ4rHe10vu0Sf9sY1U5A8/mzn62zlo+mFYY7RtixaGphj8YSOAmgAOBwuyRGOvedwEp5rrTjzwv7rkAD7JpAIoxq19ECGBsbS/87lertXrO+mkNfyj3s9XX2OccemB02sseMPc6sx4jwZJfDMMsAzMAhY2aHo3UgE213zMBwiI0nu3zUq20e4rAXlge0b7iosrRtNtb7AFcJWzVilYZVM1v1wCrBY3R4xjzyZDQjR8jH9vYHml2Bc5OLs9OTB6S/KcMMFYrhD/soz5XCbCMd1zrOqDouwwkOOJ8fnag7d5608zB8DcCJx8L9O8BJOEx2W+2Ps7Oz77UrjqFCMboxulOfBiSjatfK7UDdQ2fOnIHx6zT3VYsuskRf57e3cOHkGpxd89Y1eWfuZikpmGRUScmk4kgkgVP58QvO+YswXkA4c9rWCNQ88DqBq95s8s78zJ8TCaHxv1idUSU1uYqrPQlE5kT7Jmjff8IV3RsAXvPkGxnWJ2/fvr3SnlHuTbWMam+8tLcINJ1ALjf2aaTteWf4hhkugjj9aJBw1gTgZQ97PeW7riws3Hyr6QLaoEMZVRskSRKTR2Do9PjngXp4iMcLMD4fXUV91AyzJH7vvXutsnDr1eRFv/eIZFR7Z6YjROCpCQyNjF0G7YcAvvRYJ2XAXiHdq4uz01eeeoAEHniqcLboUI9mwNVVvwQmWCHFi8BQYfQtgOHm26gZ8DaNvzb431XmZ/4UL7XxUTNcGP22ga/IqOKTEylJMIGhQvHO1n82r5F8qd1uumxVaoZOj70Esx8DeL88VzrWKh2tHFf3UbWSfoeNnSuMnSMsusPawAt68tDuCmDodPGXMHwHxFR5thRNMNlpTUbVaRlvcby5keIPSPx0S8YKDMsgloHwsmUCy97cMollGpbrzj6gt2Xnsfygyy9jbW357t276y0O40CHzxWKfyMwAdjL5bmZFw908JgMJqOKSSI6Scbjv1V1UuwfK1bD98rzpZ9/rD7a9GAZVZsmrt1l5/PjI7WUFZxhHPCfgjELIAsya7RP0KwXYC+A7a9Uu8f91PqJD8qzpU8+9fFtfqCMqs0TKPntSWBiYqL73srK8S7rGgzTE8F8Fojm1cp6WL8D/2XgksEvOe8WFxen32zPSJujWkbVHI7qRQREYB8JyKj2Ea66FgERaA4BGVVzOKoXERCBfSQgo9pHuOpaBESgOQT+AwSMBnlIAIiLAAAAAElFTkSuQmCC', 'dfasdfasd', 'dfasdfadsf', '', '2023-05-05T14:09');

-- --------------------------------------------------------

--
-- Table structure for table `fwc_cra`
--

CREATE TABLE `fwc_cra` (
  `id` int(11) NOT NULL,
  `cra_proccessing_id` int(100) NOT NULL,
  `cra_legend_id` text NOT NULL,
  `cra_prvntv_ctrl` tinyint(1) DEFAULT NULL,
  `cra_jstify` text NOT NULL,
  `cra_food_safety_hazard` text NOT NULL,
  `cra_is_applied` tinyint(1) DEFAULT NULL
) ENGINE=InnoDB DEFAULT CHARSET=utf8mb4 COLLATE=utf8mb4_general_ci;

--
-- Dumping data for table `fwc_cra`
--

INSERT INTO `fwc_cra` (`id`, `cra_proccessing_id`, `cra_legend_id`, `cra_prvntv_ctrl`, `cra_jstify`, `cra_food_safety_hazard`, `cra_is_applied`) VALUES
(12, 7, '1', NULL, 'test', 'test', NULL),
(15, 7, '1', NULL, 'test', 'test', NULL);

-- --------------------------------------------------------

--
-- Table structure for table `hc_log`
--

CREATE TABLE `hc_log` (
  `id` int(11) NOT NULL,
  `rep_date` date NOT NULL,
  `emp_name` varchar(100) NOT NULL,
  `observation` text NOT NULL,
  `commnt` text NOT NULL,
  `dr_work` date DEFAULT NULL,
  `diag_patogen` tinyint(1) NOT NULL,
  `f_diag` tinyint(1) NOT NULL
) ENGINE=InnoDB DEFAULT CHARSET=utf8mb4 COLLATE=utf8mb4_general_ci;

--
-- Indexes for dumped tables
--

--
-- Indexes for table `cra_legend`
--
ALTER TABLE `cra_legend`
  ADD PRIMARY KEY (`legend_id`);

--
-- Indexes for table `cra_proccesing_step`
--
ALTER TABLE `cra_proccesing_step`
  ADD PRIMARY KEY (`p_step_id`);

--
-- Indexes for table `cra_record`
--
ALTER TABLE `cra_record`
  ADD PRIMARY KEY (`record_id`);

--
-- Indexes for table `cra_reviewer_sign`
--
ALTER TABLE `cra_reviewer_sign`
  ADD PRIMARY KEY (`id`);

--
-- Indexes for table `fwc_cra`
--
ALTER TABLE `fwc_cra`
  ADD PRIMARY KEY (`id`);

--
-- Indexes for table `hc_log`
--
ALTER TABLE `hc_log`
  ADD PRIMARY KEY (`id`);

--
-- AUTO_INCREMENT for dumped tables
--

--
-- AUTO_INCREMENT for table `cra_legend`
--
ALTER TABLE `cra_legend`
  MODIFY `legend_id` int(11) NOT NULL AUTO_INCREMENT, AUTO_INCREMENT=5;

--
-- AUTO_INCREMENT for table `cra_proccesing_step`
--
ALTER TABLE `cra_proccesing_step`
  MODIFY `p_step_id` int(11) NOT NULL AUTO_INCREMENT, AUTO_INCREMENT=10;

--
-- AUTO_INCREMENT for table `cra_record`
--
ALTER TABLE `cra_record`
  MODIFY `record_id` int(11) NOT NULL AUTO_INCREMENT, AUTO_INCREMENT=16;

--
-- AUTO_INCREMENT for table `cra_reviewer_sign`
--
ALTER TABLE `cra_reviewer_sign`
  MODIFY `id` int(11) NOT NULL AUTO_INCREMENT, AUTO_INCREMENT=6;

--
-- AUTO_INCREMENT for table `fwc_cra`
--
ALTER TABLE `fwc_cra`
  MODIFY `id` int(11) NOT NULL AUTO_INCREMENT, AUTO_INCREMENT=16;

--
-- AUTO_INCREMENT for table `hc_log`
--
ALTER TABLE `hc_log`
  MODIFY `id` int(11) NOT NULL AUTO_INCREMENT, AUTO_INCREMENT=16;
COMMIT;

/*!40101 SET CHARACTER_SET_CLIENT=@OLD_CHARACTER_SET_CLIENT */;
/*!40101 SET CHARACTER_SET_RESULTS=@OLD_CHARACTER_SET_RESULTS */;
/*!40101 SET COLLATION_CONNECTION=@OLD_COLLATION_CONNECTION */;
